Item,Lowest 20 percent,Second 20 percent,Third 20 percent,Fourth 20 percent,Highest 20 percent
Income after taxes,0.03612939133151647,0.09139819058415748,0.14837448855051272,0.2338569812453392,0.49024094828847414
